{
  "n_quadruples": 2256,
  "k_values": [
    1,
    2,
    3
  ],
  "R1_mean": 44.50614929199219,
  "R1_sem": 0.47193620183440627,
  "R2_mean": 43.28356170654297,
  "R2_sem": 0.45080080492012775,
  "R3_mean": 44.24233627319336,
  "R3_sem": 0.45278696682045494,
  "rho_12": 1.0282460451126099,
  "wilcoxon_p_12": 8.693593967826676e-15,
  "wilcoxon_p_12_one_sided_R1_gt_R2": 4.346796983913338e-15,
  "wilcoxon_p_12_one_sided_R1_lt_R2": 0.9999999999999957,
  "bootstrap_ci_diff_R1_R2": [
    0.893600745499134,
    1.5495061725378034
  ],
  "rho_23": 0.9783290028572083,
  "wilcoxon_p_23": 1.1884026712940175e-16,
  "wilcoxon_p_23_one_sided_R2_gt_R3": 0.9999999999999999,
  "wilcoxon_p_23_one_sided_R2_lt_R3": 5.942013356470088e-17,
  "bootstrap_ci_diff_R2_R3": [
    -1.201925665140152,
    -0.710591733455658
  ],
  "decision": "C",
  "runtime_seconds": 1218.1961863040924,
  "p": 50,
  "function_class": "kernel",
  "n_jobs": 4
}