{
  "n_quadruples": 1264,
  "k_values": [
    1,
    2,
    3
  ],
  "R1_mean": 64.967529296875,
  "R1_sem": 0.7518611680250438,
  "R2_mean": 65.14628601074219,
  "R2_sem": 0.7414448538162551,
  "R3_mean": 65.40855407714844,
  "R3_sem": 0.7328863827208444,
  "rho_12": 0.9972561001777649,
  "wilcoxon_p_12": 0.38324604540184737,
  "wilcoxon_p_12_one_sided_R1_gt_R2": 0.8083769772990763,
  "wilcoxon_p_12_one_sided_R1_lt_R2": 0.19162302270092368,
  "bootstrap_ci_diff_R1_R2": [
    -0.650767907500267,
    0.3148661799728868
  ],
  "rho_23": 0.9959903359413147,
  "wilcoxon_p_23": 0.3462132775130198,
  "wilcoxon_p_23_one_sided_R2_gt_R3": 0.8268933612434901,
  "wilcoxon_p_23_one_sided_R2_lt_R3": 0.1731066387565099,
  "bootstrap_ci_diff_R2_R3": [
    -0.6598254308104515,
    0.10292642954736932
  ],
  "decision": "C",
  "runtime_seconds": 209.2832818031311,
  "p": 50,
  "function_class": "kernel",
  "n_jobs": 4
}