{
  "n_quadruples": 1219,
  "k_values": [
    1,
    2,
    3
  ],
  "R1_mean": 282.1614685058594,
  "R1_sem": 6.780030473932186,
  "R2_mean": 286.44451904296875,
  "R2_sem": 6.823883641618621,
  "R3_mean": 290.3094787597656,
  "R3_sem": 6.9267944945794495,
  "rho_12": 0.9850475192070007,
  "wilcoxon_p_12": 7.943004947815762e-07,
  "wilcoxon_p_12_one_sided_R1_gt_R2": 0.9999996028497526,
  "wilcoxon_p_12_one_sided_R1_lt_R2": 3.971502473907881e-07,
  "bootstrap_ci_diff_R1_R2": [
    -6.055648303031921,
    -2.5039618611335754
  ],
  "rho_23": 0.9866867661476135,
  "wilcoxon_p_23": 7.143129937861348e-06,
  "wilcoxon_p_23_one_sided_R2_gt_R3": 0.9999964284350311,
  "wilcoxon_p_23_one_sided_R2_lt_R3": 3.571564968930674e-06,
  "bootstrap_ci_diff_R2_R3": [
    -5.195261323451996,
    -2.6047410070896153
  ],
  "decision": "C",
  "runtime_seconds": 144.46126174926758,
  "p": 50,
  "function_class": "kernel",
  "n_jobs": -1
}