{
  "input": {
    "checkpoint": "/Users/dimitargueorguiev/git/ml/semsimula/notebooks/conservative_arch/ln_damping_sweep/results/leakfree_3seed/gamma0p10/seed0/splm_em_ln_shakespeare_gamma0p10_seed0_ckpt_latest.pt",
    "logfreq_path": "/Users/dimitargueorguiev/git/ml/semsimula/notebooks/conservative_arch/sarf_mass_variant/results/logfreq_surprisal.npy",
    "model_cfg": {
      "vocab_size": 50257,
      "d": 128,
      "max_len": 256,
      "v_hidden": 512,
      "v_depth": 3,
      "L": 8,
      "dt": 1.0,
      "init_m": 1.0,
      "init_gamma": 1.0,
      "learn_mgamma": true,
      "mass_mode": "logfreq",
      "logfreq_init_alpha": 0.1,
      "logfreq_path": "/Users/dimitargueorguiev/git/ml/semsimula/notebooks/conservative_arch/sarf_mass_variant/results/logfreq_surprisal.npy",
      "fixed_gamma": 0.1,
      "causal_force": true,
      "ln_eps": 1e-05,
      "ln_after_step": true,
      "ln_affine": false
    },
    "trained_gamma": 0.10000000149011612,
    "params": 7123075
  },
  "diagnostics": {
    "n_batches": 8,
    "batch_size": 8,
    "block_size": 128,
    "n_power_iter": 20,
    "n_hutchinson": 16,
    "n_states_total": 65536,
    "pos_eigenvalue_fraction_total": 0.865997314453125,
    "mass_mean": 1.4723846912384033,
    "mass_std": 0.23522843420505524,
    "lam_top_mean": 0.3580707609653473,
    "lam_top_pos_mean": 0.5051271915435791,
    "lam_avg_mean": 0.01810375787317753,
    "corpus_surprisal_bits": 9.108904086510073
  },
  "predictions": {
    "gamma_depth": {
      "rho_0.050": 0.5513587923287141,
      "rho_0.100": 0.42378638014977354,
      "rho_0.150": 0.34916130289855035,
      "rho_0.180": 0.3156053692602788,
      "rho_0.200": 0.2962139679708329,
      "rho_0.300": 0.22158889071960974,
      "rho_0.500": 0.1275724121789406,
      "rho_0.565": 0.10507849075111785,
      "rho_0.700": 0.06564534090046316
    },
    "gamma_surprisal": 0.2864480616674366,
    "gamma_hessian_top": 1.1678422689437866,
    "gamma_hessian_avg": 0.22806474566459656
  },
  "per_layer": [
    {
      "layer": 0,
      "n_states": 8192,
      "pos_fraction": 0.64306640625,
      "lam_top_mean": 0.054313939064741135,
      "lam_top_std": 0.5523123741149902,
      "lam_top_p50": 0.29948127269744873,
      "lam_top_p10": -0.6381211698055267,
      "lam_top_p90": 0.48837707936763775,
      "lam_avg_mean": 0.005323310848325491,
      "m_mean": 1.4723848104476929,
      "m_std": 0.23522843420505524,
      "gamma_top_pos_mean": 1.0498498678207397
    },
    {
      "layer": 1,
      "n_states": 8192,
      "pos_fraction": 0.7794189453125,
      "lam_top_mean": 0.2229011356830597,
      "lam_top_std": 0.5743081569671631,
      "lam_top_p50": 0.37538644671440125,
      "lam_top_p10": -0.4431093096733093,
      "lam_top_p90": 0.6516229093074802,
      "lam_avg_mean": 0.010075694881379604,
      "m_mean": 1.4723848104476929,
      "m_std": 0.23522843420505524,
      "gamma_top_pos_mean": 1.1286566257476807
    },
    {
      "layer": 2,
      "n_states": 8192,
      "pos_fraction": 0.9073486328125,
      "lam_top_mean": 0.36151838302612305,
      "lam_top_std": 0.405029296875,
      "lam_top_p50": 0.4063238799571991,
      "lam_top_p10": 0.18617048114538196,
      "lam_top_p90": 0.6996581137180331,
      "lam_avg_mean": 0.015653690323233604,
      "m_mean": 1.4723848104476929,
      "m_std": 0.23522843420505524,
      "gamma_top_pos_mean": 1.1168956756591797
    },
    {
      "layer": 3,
      "n_states": 8192,
      "pos_fraction": 0.9427490234375,
      "lam_top_mean": 0.37652039527893066,
      "lam_top_std": 0.2733187973499298,
      "lam_top_p50": 0.4137622117996216,
      "lam_top_p10": 0.25623575747013094,
      "lam_top_p90": 0.5646234214305877,
      "lam_avg_mean": 0.016555560752749443,
      "m_mean": 1.4723848104476929,
      "m_std": 0.23522843420505524,
      "gamma_top_pos_mean": 1.0919380187988281
    },
    {
      "layer": 4,
      "n_states": 8192,
      "pos_fraction": 0.9176025390625,
      "lam_top_mean": 0.35632938146591187,
      "lam_top_std": 0.2795358896255493,
      "lam_top_p50": 0.42028677463531494,
      "lam_top_p10": 0.15348565131425862,
      "lam_top_p90": 0.5547367453575135,
      "lam_avg_mean": 0.017112500965595245,
      "m_mean": 1.4723848104476929,
      "m_std": 0.23522843420505524,
      "gamma_top_pos_mean": 1.0877429246902466
    },
    {
      "layer": 5,
      "n_states": 8192,
      "pos_fraction": 0.9036865234375,
      "lam_top_mean": 0.36852794885635376,
      "lam_top_std": 0.32086318731307983,
      "lam_top_p50": 0.4244278073310852,
      "lam_top_p10": 0.09837525412440301,
      "lam_top_p90": 0.6544735074043274,
      "lam_avg_mean": 0.020348550751805305,
      "m_mean": 1.4723848104476929,
      "m_std": 0.23522843420505524,
      "gamma_top_pos_mean": 1.122262716293335
    },
    {
      "layer": 6,
      "n_states": 8192,
      "pos_fraction": 0.9005126953125,
      "lam_top_mean": 0.4681512713432312,
      "lam_top_std": 0.4170953333377838,
      "lam_top_p50": 0.527397632598877,
      "lam_top_p10": 0.004458025796338958,
      "lam_top_p90": 0.9031126856803894,
      "lam_avg_mean": 0.02637936919927597,
      "m_mean": 1.4723848104476929,
      "m_std": 0.23522843420505524,
      "gamma_top_pos_mean": 1.2691317796707153
    },
    {
      "layer": 7,
      "n_states": 8192,
      "pos_fraction": 0.93359375,
      "lam_top_mean": 0.6563035845756531,
      "lam_top_std": 0.48948201537132263,
      "lam_top_p50": 0.6386035084724426,
      "lam_top_p10": 0.3176885604858398,
      "lam_top_p90": 1.2127233862876894,
      "lam_avg_mean": 0.033381387591362,
      "m_mean": 1.4723848104476929,
      "m_std": 0.23522843420505524,
      "gamma_top_pos_mean": 1.4331395626068115
    }
  ]
}