{
  "n_quadruples": 1264,
  "k_values": [
    1,
    2,
    3
  ],
  "R1_mean": 50.86428451538086,
  "R1_sem": 0.629089068879857,
  "R2_mean": 50.33457946777344,
  "R2_sem": 0.6184699638258888,
  "R3_mean": 50.37885665893555,
  "R3_sem": 0.6144790078037317,
  "rho_12": 1.0105236768722534,
  "wilcoxon_p_12": 0.002180561675294091,
  "wilcoxon_p_12_one_sided_R1_gt_R2": 0.0010902808376470456,
  "wilcoxon_p_12_one_sided_R1_lt_R2": 0.9989097191623529,
  "bootstrap_ci_diff_R1_R2": [
    0.1677226342260838,
    0.8807364329695702
  ],
  "rho_23": 0.9991211295127869,
  "wilcoxon_p_23": 0.5282734377491558,
  "wilcoxon_p_23_one_sided_R2_gt_R3": 0.7358632811254221,
  "wilcoxon_p_23_one_sided_R2_lt_R3": 0.2641367188745779,
  "bootstrap_ci_diff_R2_R3": [
    -0.3163932144641876,
    0.23447726406157016
  ],
  "decision": "C",
  "runtime_seconds": 201.4171597957611,
  "p": 50,
  "function_class": "kernel",
  "n_jobs": 4
}