{
  "elapsed_s": 1425.745227098465,
  "rows": [
    {
      "tag": "gamma0p00",
      "status": "ok",
      "drift": {
        "L": 8,
        "H0": 3.7188384532928467,
        "HL": 19.677474975585938,
        "delta_H": 15.958636283874512,
        "drift_slope_per_normalised_layer": 4.888651736577352,
        "drift_slope_per_layer": 0.611081467072169,
        "rolling_std_mean_normalised": 0.9737945506774965,
        "kinetic_layer0_mean": 0.0,
        "kinetic_layerL_mean": 16.557710647583008,
        "potential_layer0_mean": 3.7188384532928467,
        "potential_layerL_mean": 3.1197593212127686
      },
      "markov": {
        "n_quadruples": 1264,
        "k_values": [
          1,
          2,
          3
        ],
        "R1_mean": 57.99576187133789,
        "R1_sem": 0.685518089376174,
        "R2_mean": 56.94089889526367,
        "R2_sem": 0.6782040459116588,
        "R3_mean": 57.33012771606445,
        "R3_sem": 0.6681599441060067,
        "rho_12": 1.0185256004333496,
        "wilcoxon_p_12": 0.0007133033471013736,
        "wilcoxon_p_12_one_sided_R1_gt_R2": 0.0003566516735506868,
        "wilcoxon_p_12_one_sided_R1_lt_R2": 0.9996433483264493,
        "bootstrap_ci_diff_R1_R2": [
          0.4650808803737164,
          1.6825594097375869
        ],
        "rho_23": 0.9932107329368591,
        "wilcoxon_p_23": 0.06359749455021074,
        "wilcoxon_p_23_one_sided_R2_gt_R3": 0.9682012527248947,
        "wilcoxon_p_23_one_sided_R2_lt_R3": 0.03179874727510537,
        "bootstrap_ci_diff_R2_R3": [
          -0.7675882056355476,
          -0.010662923683412444
        ],
        "decision": "C",
        "runtime_seconds": 198.76263284683228,
        "p": 50,
        "function_class": "kernel",
        "n_jobs": 4
      },
      "accel": {
        "n_triplets": 1314,
        "frac_a_par_negative": 1.0,
        "mean_ratio_apar_aperp": 2.229968547821045,
        "median_ratio_apar_aperp": 1.7215821743011475,
        "natural_mean_a_squared": 397.88728485107424,
        "perm_mean_a_squared": 518.2650426391601,
        "permutation_z": 3.904285377598124,
        "n_perm_per_sentence": 50
      }
    },
    {
      "tag": "gamma0p10",
      "status": "ok",
      "drift": {
        "L": 8,
        "H0": 18.020803451538086,
        "HL": 2.8522872924804688,
        "delta_H": -15.168516159057617,
        "drift_slope_per_normalised_layer": -0.9914010643959046,
        "drift_slope_per_layer": -0.12392513304948807,
        "rolling_std_mean_normalised": 0.2645550037568436,
        "kinetic_layer0_mean": 0.0,
        "kinetic_layerL_mean": 8.522409439086914,
        "potential_layer0_mean": 18.020803451538086,
        "potential_layerL_mean": -5.670121669769287
      },
      "markov": {
        "n_quadruples": 1264,
        "k_values": [
          1,
          2,
          3
        ],
        "R1_mean": 50.86428451538086,
        "R1_sem": 0.629089068879857,
        "R2_mean": 50.33457946777344,
        "R2_sem": 0.6184699638258888,
        "R3_mean": 50.37885665893555,
        "R3_sem": 0.6144790078037317,
        "rho_12": 1.0105236768722534,
        "wilcoxon_p_12": 0.002180561675294091,
        "wilcoxon_p_12_one_sided_R1_gt_R2": 0.0010902808376470456,
        "wilcoxon_p_12_one_sided_R1_lt_R2": 0.9989097191623529,
        "bootstrap_ci_diff_R1_R2": [
          0.1677226342260838,
          0.8807364329695702
        ],
        "rho_23": 0.9991211295127869,
        "wilcoxon_p_23": 0.5282734377491558,
        "wilcoxon_p_23_one_sided_R2_gt_R3": 0.7358632811254221,
        "wilcoxon_p_23_one_sided_R2_lt_R3": 0.2641367188745779,
        "bootstrap_ci_diff_R2_R3": [
          -0.3163932144641876,
          0.23447726406157016
        ],
        "decision": "C",
        "runtime_seconds": 201.4171597957611,
        "p": 50,
        "function_class": "kernel",
        "n_jobs": 4
      },
      "accel": {
        "n_triplets": 1314,
        "frac_a_par_negative": 0.9992389649923896,
        "mean_ratio_apar_aperp": 2.1296255588531494,
        "median_ratio_apar_aperp": 1.6807310581207275,
        "natural_mean_a_squared": 343.9030316162109,
        "perm_mean_a_squared": 470.0589789428711,
        "permutation_z": 3.6678265861481543,
        "n_perm_per_sentence": 50
      }
    },
    {
      "tag": "gamma0p30",
      "status": "ok",
      "drift": {
        "L": 8,
        "H0": 25.981517791748047,
        "HL": -3.8799524307250977,
        "delta_H": -29.861469268798828,
        "drift_slope_per_normalised_layer": -1.404573674996694,
        "drift_slope_per_layer": -0.17557170937458674,
        "rolling_std_mean_normalised": 0.287511072326869,
        "kinetic_layer0_mean": 0.0,
        "kinetic_layerL_mean": 8.439270973205566,
        "potential_layer0_mean": 25.981517791748047,
        "potential_layerL_mean": -12.319223403930664
      },
      "markov": {
        "n_quadruples": 1264,
        "k_values": [
          1,
          2,
          3
        ],
        "R1_mean": 42.95205307006836,
        "R1_sem": 0.5614939981796762,
        "R2_mean": 42.423152923583984,
        "R2_sem": 0.5443726031740003,
        "R3_mean": 42.62084197998047,
        "R3_sem": 0.5446843002138133,
        "rho_12": 1.0124672651290894,
        "wilcoxon_p_12": 0.005349433394773871,
        "wilcoxon_p_12_one_sided_R1_gt_R2": 0.0026747166973869357,
        "wilcoxon_p_12_one_sided_R1_lt_R2": 0.997325283302613,
        "bootstrap_ci_diff_R1_R2": [
          0.20503574535250665,
          0.8598629400134085
        ],
        "rho_23": 0.9953616857528687,
        "wilcoxon_p_23": 0.06912704554305082,
        "wilcoxon_p_23_one_sided_R2_gt_R3": 0.9654364772284746,
        "wilcoxon_p_23_one_sided_R2_lt_R3": 0.03456352277152541,
        "bootstrap_ci_diff_R2_R3": [
          -0.5033023059368134,
          0.09108674395829439
        ],
        "decision": "C",
        "runtime_seconds": 201.91251301765442,
        "p": 50,
        "function_class": "kernel",
        "n_jobs": 4
      },
      "accel": {
        "n_triplets": 1314,
        "frac_a_par_negative": 1.0,
        "mean_ratio_apar_aperp": 2.012805938720703,
        "median_ratio_apar_aperp": 1.6796128749847412,
        "natural_mean_a_squared": 310.63867340087893,
        "perm_mean_a_squared": 446.980193347168,
        "permutation_z": 3.7984999242684143,
        "n_perm_per_sentence": 50
      }
    },
    {
      "tag": "gamma0p85",
      "status": "ok",
      "drift": {
        "L": 8,
        "H0": 46.512516021728516,
        "HL": -24.01264190673828,
        "delta_H": -70.52516174316406,
        "drift_slope_per_normalised_layer": -1.6941785971323648,
        "drift_slope_per_layer": -0.2117723246415456,
        "rolling_std_mean_normalised": 0.3347763224682537,
        "kinetic_layer0_mean": 0.0,
        "kinetic_layerL_mean": 9.044358253479004,
        "potential_layer0_mean": 46.512516021728516,
        "potential_layerL_mean": -33.05699920654297
      },
      "markov": {
        "n_quadruples": 1264,
        "k_values": [
          1,
          2,
          3
        ],
        "R1_mean": 55.30167770385742,
        "R1_sem": 0.6803731032295042,
        "R2_mean": 55.32267379760742,
        "R2_sem": 0.6706949906158666,
        "R3_mean": 56.01799774169922,
        "R3_sem": 0.6718705337374472,
        "rho_12": 0.9996204972267151,
        "wilcoxon_p_12": 0.7132053972946077,
        "wilcoxon_p_12_one_sided_R1_gt_R2": 0.6433973013526961,
        "wilcoxon_p_12_one_sided_R1_lt_R2": 0.3566026986473039,
        "bootstrap_ci_diff_R1_R2": [
          -0.49725158512592316,
          0.4582967072725295
        ],
        "rho_23": 0.9875875115394592,
        "wilcoxon_p_23": 1.528609751289922e-05,
        "wilcoxon_p_23_one_sided_R2_gt_R3": 0.9999923569512436,
        "wilcoxon_p_23_one_sided_R2_lt_R3": 7.64304875644961e-06,
        "bootstrap_ci_diff_R2_R3": [
          -0.9968327403068542,
          -0.4031909115612507
        ],
        "decision": "C",