{
  "n_quadruples": 1264,
  "k_values": [
    1,
    2,
    3
  ],
  "R1_mean": 1236.939453125,
  "R1_sem": 31.22995496545261,
  "R2_mean": 1266.4410400390625,
  "R2_sem": 31.593648007156677,
  "R3_mean": 1327.72216796875,
  "R3_sem": 33.100128620591434,
  "rho_12": 0.9767051339149475,
  "wilcoxon_p_12": 0.0018394015878019764,
  "wilcoxon_p_12_one_sided_R1_gt_R2": 0.999080299206099,
  "wilcoxon_p_12_one_sided_R1_lt_R2": 0.0009197007939009882,
  "bootstrap_ci_diff_R1_R2": [
    -56.49789123535156,
    -1.289766287803655
  ],
  "rho_23": 0.9538449048995972,
  "wilcoxon_p_23": 2.0430510537862308e-07,
  "wilcoxon_p_23_one_sided_R2_gt_R3": 0.9999998978474474,
  "wilcoxon_p_23_one_sided_R2_lt_R3": 1.0215255268931154e-07,
  "bootstrap_ci_diff_R2_R3": [
    -86.09473419189453,
    -38.96982145309449
  ],
  "decision": "C",
  "runtime_seconds": 148.8729259967804,
  "p": 50,
  "function_class": "kernel",
  "n_jobs": -1
}