{
  "n_quadruples": 1264,
  "k_values": [
    1,
    2,
    3
  ],
  "R1_mean": 42.95205307006836,
  "R1_sem": 0.5614939981796762,
  "R2_mean": 42.423152923583984,
  "R2_sem": 0.5443726031740003,
  "R3_mean": 42.62084197998047,
  "R3_sem": 0.5446843002138133,
  "rho_12": 1.0124672651290894,
  "wilcoxon_p_12": 0.005349433394773871,
  "wilcoxon_p_12_one_sided_R1_gt_R2": 0.0026747166973869357,
  "wilcoxon_p_12_one_sided_R1_lt_R2": 0.997325283302613,
  "bootstrap_ci_diff_R1_R2": [
    0.20503574535250665,
    0.8598629400134085
  ],
  "rho_23": 0.9953616857528687,
  "wilcoxon_p_23": 0.06912704554305082,
  "wilcoxon_p_23_one_sided_R2_gt_R3": 0.9654364772284746,
  "wilcoxon_p_23_one_sided_R2_lt_R3": 0.03456352277152541,
  "bootstrap_ci_diff_R2_R3": [
    -0.5033023059368134,
    0.09108674395829439
  ],
  "decision": "C",
  "runtime_seconds": 201.91251301765442,
  "p": 50,
  "function_class": "kernel",
  "n_jobs": 4
}