{
  "arms": {
    "splm1": {
      "n_cells": 3,
      "per_seed": {
        "0": {
          "rho_12": 1.00275456905365,
          "rho_23": 0.9872517585754395,
          "wilcoxon_p_12": 0.7666409553045243,
          "wilcoxon_p_23": 3.9920017585538375e-16,
          "R1_mean": 55.294795989990234,
          "R2_mean": 55.14289855957031,
          "R3_mean": 55.854949951171875,
          "decision": "C"
        },
        "1": {
          "rho_12": 1.0026851892471313,
          "rho_23": 0.9863733053207397,
          "wilcoxon_p_12": 0.9252026469176585,
          "wilcoxon_p_23": 2.0773755514013192e-16,
          "R1_mean": 55.31852722167969,
          "R2_mean": 55.17038345336914,
          "R3_mean": 55.932559967041016,
          "decision": "C"
        },
        "2": {
          "rho_12": 1.0049132108688354,
          "rho_23": 0.9876673817634583,
          "wilcoxon_p_12": 0.5249606649478064,
          "wilcoxon_p_23": 2.3362439033570334e-15,
          "R1_mean": 54.157432556152344,
          "R2_mean": 53.89264678955078,
          "R3_mean": 54.565582275390625,
          "decision": "C"
        }
      },
      "rho_12_median": 1.00275456905365,
      "rho_12_min": 1.0026851892471313,
      "rho_12_max": 1.0049132108688354,
      "rho_23_median": 0.9872517585754395,
      "rho_23_min": 0.9863733053207397,
      "rho_23_max": 0.9876673817634583,
      "wilcoxon_p_12_median": 0.7666409553045243,
      "wilcoxon_p_12_min": 0.5249606649478064,
      "wilcoxon_p_12_max": 0.9252026469176585,
      "wilcoxon_p_23_median": 3.9920017585538375e-16,
      "wilcoxon_p_23_min": 2.0773755514013192e-16,
      "wilcoxon_p_23_max": 2.3362439033570334e-15,
      "R1_mean_median": 55.294795989990234,
      "R1_mean_min": 54.157432556152344,
      "R1_mean_max": 55.31852722167969,
      "R2_mean_median": 55.14289855957031,
      "R2_mean_min": 53.89264678955078,
      "R2_mean_max": 55.17038345336914,
      "R3_mean_median": 55.854949951171875,
      "R3_mean_min": 54.565582275390625,
      "R3_mean_max": 55.932559967041016,
      "decisions": [
        "C",
        "C",
        "C"
      ],
      "unanimous_decision": "C"
    },
    "splm2_gamma0p30": {
      "n_cells": 3,
      "per_seed": {
        "0": {
          "rho_12": 1.0282460451126099,
          "rho_23": 0.9783290028572083,
          "wilcoxon_p_12": 8.693593967826676e-15,
          "wilcoxon_p_23": 1.1884026712940175e-16,
          "R1_mean": 44.50614929199219,
          "R2_mean": 43.28356170654297,
          "R3_mean": 44.24233627319336,
          "decision": "C"
        },
        "1": {
          "rho_12": 1.0384600162506104,
          "rho_23": 0.9802681803703308,
          "wilcoxon_p_12": 1.1450783397589594e-26,
          "wilcoxon_p_23": 2.850418044189012e-12,
          "R1_mean": 47.50154495239258,
          "R2_mean": 45.7422981262207,
          "R3_mean": 46.66304397583008,
          "decision": "C"
        },
        "2": {
          "rho_12": 1.0351784229278564,
          "rho_23": 0.9758469462394714,
          "wilcoxon_p_12": 1.7413851198277318e-18,
          "wilcoxon_p_23": 1.0756120082793551e-19,
          "R1_mean": 44.185203552246094,
          "R2_mean": 42.683658599853516,
          "R3_mean": 43.740116119384766,
          "decision": "C"
        }
      },
      "rho_12_median": 1.0351784229278564,
      "rho_12_min": 1.0282460451126099,
      "rho_12_max": 1.0384600162506104,
      "rho_23_median": 0.9783290028572083,
      "rho_23_min": 0.9758469462394714,
      "rho_23_max": 0.9802681803703308,
      "wilcoxon_p_12_median": 1.7413851198277318e-18,
      "wilcoxon_p_12_min": 1.1450783397589594e-26,
      "wilcoxon_p_12_max": 8.693593967826676e-15,
      "wilcoxon_p_23_median": 1.1884026712940175e-16,
      "wilcoxon_p_23_min": 1.0756120082793551e-19,
      "wilcoxon_p_23_max": 2.850418044189012e-12,
      "R1_mean_median": 44.50614929199219,
      "R1_mean_min": 44.185203552246094,
      "R1_mean_max": 47.50154495239258,
      "R2_mean_median": 43.28356170654297,
      "R2_mean_min": 42.683658599853516,
      "R2_mean_max": 45.7422981262207,
      "R3_mean_median": 44.24233627319336,
      "R3_mean_min": 43.740116119384766,
      "R3_mean_max": 46.66304397583008,
      "decisions": [
        "C",
        "C",
        "C"
      ],
      "unanimous_decision": "C"
    }
  }
}