{
  "1": {
    "a": 3.6681821440950255,
    "b": 0.11335466543685013,
    "r2": 8.113789096153567e-08,
    "n": 1363
  },
  "2": {
    "a": 3.6681821150315552,
    "b": 0.01786816377389826,
    "r2": 8.113789096153567e-08,
    "n": 1363
  },
  "3": {
    "a": 8.262427061881409,
    "b": 5.466266634437115e-05,
    "r2": 0.04650434436608519,
    "n": 1363
  },
  "4": {
    "a": 8.215913737184247,
    "b": 4.712509837571199e-05,
    "r2": 0.04379579929666444,
    "n": 1363
  },
  "5": {
    "a": 8.164836364350395,
    "b": 4.200506575605938e-05,
    "r2": 0.036682927240894836,
    "n": 1363
  },
  "6": {
    "a": 8.07789667220774,
    "b": 3.870277909206871e-05,
    "r2": 0.027486515288244973,
    "n": 1363
  },
  "7": {
    "a": 7.9392100688495555,
    "b": 3.632423230763426e-05,
    "r2": 0.01392861715556859,
    "n": 1363
  },
  "8": {
    "a": 7.655114476554082,
    "b": 3.453545175371835e-05,
    "r2": -0.013349617167089933,
    "n": 1363
  },
  "9": {
    "a": 7.544591479632689,
    "b": 3.118137088870984e-05,
    "r2": -0.024742431822670108,
    "n": 1363
  },
  "10": {
    "a": 7.488727619296001,
    "b": 2.6782123058787263e-05,
    "r2": -0.028588611258466345,
    "n": 1363
  },
  "11": {
    "a": 7.649799982866356,
    "b": 2.072213163870829e-05,
    "r2": -0.01179874752306298,
    "n": 1363
  },
  "12": {
    "a": 3.6681821397804617,
    "b": 0.07969357552062278,
    "r2": 8.113789096153567e-08,
    "n": 1363
  }
}