{
  "1": {
    "a": 3.668182141080082,
    "b": 0.09862264588574704,
    "r2": 8.113789096153567e-08,
    "n": 1363
  },
  "2": {
    "a": 3.668182104521779,
    "b": 0.02062516682396602,
    "r2": 8.113789096153567e-08,
    "n": 1363
  },
  "3": {
    "a": 8.014533899846498,
    "b": 5.756236707549097e-05,
    "r2": 0.04858244802428435,
    "n": 1363
  },
  "4": {
    "a": 7.993141542132713,
    "b": 4.961182399981865e-05,
    "r2": 0.047245863549760125,
    "n": 1363
  },
  "5": {
    "a": 7.975616047423944,
    "b": 4.412001097394541e-05,
    "r2": 0.042069915222263554,
    "n": 1363
  },
  "6": {
    "a": 7.92587904526735,
    "b": 4.057387345123552e-05,
    "r2": 0.033965538141380924,
    "n": 1363
  },
  "7": {
    "a": 7.8495015122744745,
    "b": 3.805169591584091e-05,
    "r2": 0.023593762703151167,
    "n": 1363
  },
  "8": {
    "a": 7.6430824849296,
    "b": 3.617143350839953e-05,
    "r2": -0.0004815533816728834,
    "n": 1363
  },
  "9": {
    "a": 7.539720001759491,
    "b": 3.3365002021604526e-05,
    "r2": -0.011100555973055037,
    "n": 1363
  },
  "10": {
    "a": 7.420404020797148,
    "b": 3.0009008853433147e-05,
    "r2": -0.019752938368144957,
    "n": 1363
  },
  "11": {
    "a": 7.533997466243264,
    "b": 2.4412540569706764e-05,
    "r2": -0.002632356589995055,
    "n": 1363
  },
  "12": {
    "a": 3.6681820710786837,
    "b": 0.07023321029134298,
    "r2": 8.113789096153567e-08,
    "n": 1363
  }
}