{
  "n_quadruples": 1264,
  "k_values": [
    1,
    2,
    3
  ],
  "R1_mean": 57.99576187133789,
  "R1_sem": 0.685518089376174,
  "R2_mean": 56.94089889526367,
  "R2_sem": 0.6782040459116588,
  "R3_mean": 57.33012771606445,
  "R3_sem": 0.6681599441060067,
  "rho_12": 1.0185256004333496,
  "wilcoxon_p_12": 0.0007133033471013736,
  "wilcoxon_p_12_one_sided_R1_gt_R2": 0.0003566516735506868,
  "wilcoxon_p_12_one_sided_R1_lt_R2": 0.9996433483264493,
  "bootstrap_ci_diff_R1_R2": [
    0.4650808803737164,
    1.6825594097375869
  ],
  "rho_23": 0.9932107329368591,
  "wilcoxon_p_23": 0.06359749455021074,
  "wilcoxon_p_23_one_sided_R2_gt_R3": 0.9682012527248947,
  "wilcoxon_p_23_one_sided_R2_lt_R3": 0.03179874727510537,
  "bootstrap_ci_diff_R2_R3": [
    -0.7675882056355476,
    -0.010662923683412444
  ],
  "decision": "C",
  "runtime_seconds": 198.76263284683228,
  "p": 50,
  "function_class": "kernel",
  "n_jobs": 4
}