{
  "n_quadruples": 2256,
  "k_values": [
    1,
    2,
    3
  ],
  "R1_mean": 44.185203552246094,
  "R1_sem": 0.46416872662097136,
  "R2_mean": 42.683658599853516,
  "R2_sem": 0.4392633165338963,
  "R3_mean": 43.740116119384766,
  "R3_sem": 0.45228492484556837,
  "rho_12": 1.0351784229278564,
  "wilcoxon_p_12": 1.7413851198277318e-18,
  "wilcoxon_p_12_one_sided_R1_gt_R2": 8.706925599138659e-19,
  "wilcoxon_p_12_one_sided_R1_lt_R2": 1.0,
  "bootstrap_ci_diff_R1_R2": [
    1.1336367934942246,
    1.8686223506927488
  ],
  "rho_23": 0.9758469462394714,
  "wilcoxon_p_23": 1.0756120082793551e-19,
  "wilcoxon_p_23_one_sided_R2_gt_R3": 1.0,
  "wilcoxon_p_23_one_sided_R2_lt_R3": 5.3780600413967755e-20,
  "bootstrap_ci_diff_R2_R3": [
    -1.3553492337465287,
    -0.7446675598621374
  ],
  "decision": "C",
  "runtime_seconds": 1229.222435951233,
  "p": 50,
  "function_class": "kernel",
  "n_jobs": 4
}