{
  "n_quadruples": 1264,
  "k_values": [
    1,
    2,
    3
  ],
  "R1_mean": 55.30167770385742,
  "R1_sem": 0.6803731032295042,
  "R2_mean": 55.32267379760742,
  "R2_sem": 0.6706949906158666,
  "R3_mean": 56.01799774169922,
  "R3_sem": 0.6718705337374472,
  "rho_12": 0.9996204972267151,
  "wilcoxon_p_12": 0.7132053972946077,
  "wilcoxon_p_12_one_sided_R1_gt_R2": 0.6433973013526961,
  "wilcoxon_p_12_one_sided_R1_lt_R2": 0.3566026986473039,
  "bootstrap_ci_diff_R1_R2": [
    -0.49725158512592316,
    0.4582967072725295
  ],
  "rho_23": 0.9875875115394592,
  "wilcoxon_p_23": 1.528609751289922e-05,
  "wilcoxon_p_23_one_sided_R2_gt_R3": 0.9999923569512436,
  "wilcoxon_p_23_one_sided_R2_lt_R3": 7.64304875644961e-06,
  "bootstrap_ci_diff_R2_R3": [
    -0.9968327403068542,
    -0.4031909115612507
  ],
  "decision": "C",
  "runtime_seconds": 208.24009585380554,
  "p": 50,
  "function_class": "kernel",
  "n_jobs": 4
}