{
  "n_triplets": 1314,
  "frac_a_par_negative": 1.0,
  "mean_ratio_apar_aperp": 2.28182315826416,
  "median_ratio_apar_aperp": 1.7325847148895264,
  "natural_mean_a_squared": 494.4716680908203,
  "perm_mean_a_squared": 557.2033029907227,
  "permutation_z": 2.250351971135391,
  "n_perm_per_sentence": 50
}