{
  "n_quadruples": 1264,
  "k_values": [
    1,
    2,
    3
  ],
  "R1_mean": 929.4459838867188,
  "R1_sem": 22.570156688180962,
  "R2_mean": 967.425537109375,
  "R2_sem": 22.37309291398144,
  "R3_mean": 1003.7319946289062,
  "R3_sem": 22.67371263799749,
  "rho_12": 0.9607416391372681,
  "wilcoxon_p_12": 6.448435675591258e-07,
  "wilcoxon_p_12_one_sided_R1_gt_R2": 0.9999996775782162,
  "wilcoxon_p_12_one_sided_R1_lt_R2": 3.224217837795629e-07,
  "bootstrap_ci_diff_R1_R2": [
    -58.16375856399536,
    -18.411456775665286
  ],
  "rho_23": 0.9638285636901855,
  "wilcoxon_p_23": 1.536348680864397e-07,
  "wilcoxon_p_23_one_sided_R2_gt_R3": 0.9999999231825659,
  "wilcoxon_p_23_one_sided_R2_lt_R3": 7.681743404321985e-08,
  "bootstrap_ci_diff_R2_R3": [
    -50.65276966094971,
    -22.175435829162602
  ],
  "decision": "C",
  "runtime_seconds": 151.16235899925232,
  "p": 50,
  "function_class": "kernel",
  "n_jobs": -1
}