{
  "n_quadruples": 1264,
  "k_values": [
    1,
    2,
    3
  ],
  "R1_mean": 154.02496337890625,
  "R1_sem": 4.878895373079918,
  "R2_mean": 163.454345703125,
  "R2_sem": 4.949683326624243,
  "R3_mean": 170.87704467773438,
  "R3_sem": 4.853137287652833,
  "rho_12": 0.9423118233680725,
  "wilcoxon_p_12": 9.287784260721769e-08,
  "wilcoxon_p_12_one_sided_R1_gt_R2": 0.9999999535610787,
  "wilcoxon_p_12_one_sided_R1_lt_R2": 4.643892130360884e-08,
  "bootstrap_ci_diff_R1_R2": [
    -13.862714576721192,
    -5.079560327529908
  ],
  "rho_23": 0.9565611481666565,
  "wilcoxon_p_23": 1.1070874914400226e-06,
  "wilcoxon_p_23_one_sided_R2_gt_R3": 0.9999994464562543,
  "wilcoxon_p_23_one_sided_R2_lt_R3": 5.535437457200113e-07,
  "bootstrap_ci_diff_R2_R3": [
    -11.027191352844238,
    -3.8453346431255344
  ],
  "decision": "C",
  "runtime_seconds": 139.816987991333,
  "p": 50,
  "function_class": "kernel",
  "n_jobs": -1
}