{
  "n_quadruples": 2256,
  "k_values": [
    1,
    2,
    3
  ],
  "R1_mean": 55.31852722167969,
  "R1_sem": 0.5534219272130914,
  "R2_mean": 55.17038345336914,
  "R2_sem": 0.5245938272944035,
  "R3_mean": 55.932559967041016,
  "R3_sem": 0.5065581440292608,
  "rho_12": 1.0026851892471313,
  "wilcoxon_p_12": 0.9252026469176585,
  "wilcoxon_p_12_one_sided_R1_gt_R2": 0.46260132345882926,
  "wilcoxon_p_12_one_sided_R1_lt_R2": 0.5373986765411708,
  "bootstrap_ci_diff_R1_R2": [
    -0.16374726481735705,
    0.46072140708565706
  ],
  "rho_23": 0.9863733053207397,
  "wilcoxon_p_23": 2.0773755514013192e-16,
  "wilcoxon_p_23_one_sided_R2_gt_R3": 0.9999999999999999,
  "wilcoxon_p_23_one_sided_R2_lt_R3": 1.0386877757006596e-16,
  "bootstrap_ci_diff_R2_R3": [
    -0.9492886275053024,
    -0.5793380901217461
  ],
  "decision": "C",
  "runtime_seconds": 1844.7975461483002,
  "p": 50,
  "function_class": "kernel",
  "n_jobs": 4
}