{
  "n_quadruples": 1264,
  "k_values": [
    1,
    2,
    3
  ],
  "R1_mean": 1135.805419921875,
  "R1_sem": 33.83634908867084,
  "R2_mean": 1253.47705078125,
  "R2_sem": 37.57080452017046,
  "R3_mean": 1345.64111328125,
  "R3_sem": 40.37249931749933,
  "rho_12": 0.9061238169670105,
  "wilcoxon_p_12": 4.9185894801011586e-11,
  "wilcoxon_p_12_one_sided_R1_gt_R2": 0.999999999975407,
  "wilcoxon_p_12_one_sided_R1_lt_R2": 2.4592947400505793e-11,
  "bootstrap_ci_diff_R1_R2": [
    -158.24498901367187,
    -78.97076015472413
  ],
  "rho_23": 0.9315091967582703,
  "wilcoxon_p_23": 5.7273349795685514e-08,
  "wilcoxon_p_23_one_sided_R2_gt_R3": 0.9999999713633251,
  "wilcoxon_p_23_one_sided_R2_lt_R3": 2.8636674897842757e-08,
  "bootstrap_ci_diff_R2_R3": [
    -117.36001682281494,
    -67.67079429626465
  ],
  "decision": "C",
  "runtime_seconds": 149.7877550125122,
  "p": 50,
  "function_class": "kernel",
  "n_jobs": -1
}