{
  "n_quadruples": 1264,
  "k_values": [
    1,
    2,
    3
  ],
  "R1_mean": 1671.4881591796875,
  "R1_sem": 37.09379238336702,
  "R2_mean": 1740.2305908203125,
  "R2_sem": 38.0363968499717,
  "R3_mean": 1769.2120361328125,
  "R3_sem": 37.54306874116753,
  "rho_12": 0.9604980945587158,
  "wilcoxon_p_12": 1.3619567448380283e-09,
  "wilcoxon_p_12_one_sided_R1_gt_R2": 0.9999999993190216,
  "wilcoxon_p_12_one_sided_R1_lt_R2": 6.809783724190142e-10,
  "bootstrap_ci_diff_R1_R2": [
    -100.98654537200927,
    -35.59720001220704
  ],
  "rho_23": 0.9836190342903137,
  "wilcoxon_p_23": 8.313846588049763e-05,
  "wilcoxon_p_23_one_sided_R2_gt_R3": 0.9999584307670597,
  "wilcoxon_p_23_one_sided_R2_lt_R3": 4.156923294024882e-05,
  "bootstrap_ci_diff_R2_R3": [
    -52.85833787918091,
    -5.353155255317696
  ],
  "decision": "C",
  "runtime_seconds": 149.03243708610535,
  "p": 50,
  "function_class": "kernel",
  "n_jobs": -1
}