{
  "n_triplets": 1314,
  "frac_a_par_negative": 1.0,
  "mean_ratio_apar_aperp": 2.054914712905884,
  "median_ratio_apar_aperp": 1.6970300674438477,
  "natural_mean_a_squared": 445.01659423828124,
  "perm_mean_a_squared": 541.4218450683594,
  "permutation_z": 3.283759026814173,
  "n_perm_per_sentence": 50
}