{
  "n_quadruples": 2256,
  "k_values": [
    1,
    2,
    3
  ],
  "R1_mean": 47.50154495239258,
  "R1_sem": 0.47900771724406904,
  "R2_mean": 45.7422981262207,
  "R2_sem": 0.45793424232029406,
  "R3_mean": 46.66304397583008,
  "R3_sem": 0.4693238327227224,
  "rho_12": 1.0384600162506104,
  "wilcoxon_p_12": 1.1450783397589594e-26,
  "wilcoxon_p_12_one_sided_R1_gt_R2": 5.725391698794797e-27,
  "wilcoxon_p_12_one_sided_R1_lt_R2": 1.0,
  "bootstrap_ci_diff_R1_R2": [
    1.398101168870926,
    2.1272371649742126
  ],
  "rho_23": 0.9802681803703308,
  "wilcoxon_p_23": 2.850418044189012e-12,
  "wilcoxon_p_23_one_sided_R2_gt_R3": 0.9999999999985748,
  "wilcoxon_p_23_one_sided_R2_lt_R3": 1.425209022094506e-12,
  "bootstrap_ci_diff_R2_R3": [
    -1.197985365986824,
    -0.6212711438536647
  ],
  "decision": "C",
  "runtime_seconds": 1235.763885974884,
  "p": 50,
  "function_class": "kernel",
  "n_jobs": 4
}