{
  "n_quadruples": 2256,
  "k_values": [
    1,
    2,
    3
  ],
  "R1_mean": 54.157432556152344,
  "R1_sem": 0.5209236040998179,
  "R2_mean": 53.89264678955078,
  "R2_sem": 0.49203065073452623,
  "R3_mean": 54.565582275390625,
  "R3_sem": 0.47518445597827136,
  "rho_12": 1.0049132108688354,
  "wilcoxon_p_12": 0.5249606649478064,
  "wilcoxon_p_12_one_sided_R1_gt_R2": 0.2624803324739032,
  "wilcoxon_p_12_one_sided_R1_lt_R2": 0.7375196675260969,
  "bootstrap_ci_diff_R1_R2": [
    -0.006837174145039165,
    0.5275466695427894
  ],
  "rho_23": 0.9876673817634583,
  "wilcoxon_p_23": 2.3362439033570334e-15,
  "wilcoxon_p_23_one_sided_R2_gt_R3": 0.9999999999999988,
  "wilcoxon_p_23_one_sided_R2_lt_R3": 1.1681219516785167e-15,
  "bootstrap_ci_diff_R2_R3": [
    -0.8596579849720001,
    -0.4933889850974084
  ],
  "decision": "C",
  "runtime_seconds": 1478.7465867996216,
  "p": 50,
  "function_class": "kernel",
  "n_jobs": 4
}