{
  "n_triplets": 1314,
  "frac_a_par_negative": 1.0,
  "mean_ratio_apar_aperp": 2.229968547821045,
  "median_ratio_apar_aperp": 1.7215821743011475,
  "natural_mean_a_squared": 397.88728485107424,
  "perm_mean_a_squared": 518.2650426391601,
  "permutation_z": 3.904285377598124,
  "n_perm_per_sentence": 50
}