{
  "n_quadruples": 1264,
  "k_values": [
    1,
    2,
    3
  ],
  "R1_mean": 775.5953369140625,
  "R1_sem": 25.245272229664074,
  "R2_mean": 806.2864990234375,
  "R2_sem": 26.24484354169178,
  "R3_mean": 833.486572265625,
  "R3_sem": 26.79184062321133,
  "rho_12": 0.9619351625442505,
  "wilcoxon_p_12": 3.724162646158384e-06,
  "wilcoxon_p_12_one_sided_R1_gt_R2": 0.9999981379186769,
  "wilcoxon_p_12_one_sided_R1_lt_R2": 1.862081323079192e-06,
  "bootstrap_ci_diff_R1_R2": [
    -43.34361772537231,
    -18.2937032699585
  ],
  "rho_23": 0.9673659205436707,
  "wilcoxon_p_23": 6.209538853054513e-06,
  "wilcoxon_p_23_one_sided_R2_gt_R3": 0.9999968952305734,
  "wilcoxon_p_23_one_sided_R2_lt_R3": 3.1047694265272566e-06,
  "bootstrap_ci_diff_R2_R3": [
    -38.86780958175659,
    -15.852165293693544
  ],
  "decision": "C",
  "runtime_seconds": 149.83859777450562,
  "p": 50,
  "function_class": "kernel",
  "n_jobs": -1
}