{
  "n_quadruples": 1264,
  "k_values": [
    1,
    2,
    3
  ],
  "R1_mean": 58.75006866455078,
  "R1_sem": 0.6687978232460028,
  "R2_mean": 58.467403411865234,
  "R2_sem": 0.6535442499508486,
  "R3_mean": 58.735313415527344,
  "R3_sem": 0.6393630003100461,
  "rho_12": 1.004834532737732,
  "wilcoxon_p_12": 0.08791542766447243,
  "wilcoxon_p_12_one_sided_R1_gt_R2": 0.04395771383223621,
  "wilcoxon_p_12_one_sided_R1_lt_R2": 0.9560422861677638,
  "bootstrap_ci_diff_R1_R2": [
    -0.1690586272627115,
    0.7358333453536033
  ],
  "rho_23": 0.9954386949539185,
  "wilcoxon_p_23": 0.14687726645113655,
  "wilcoxon_p_23_one_sided_R2_gt_R3": 0.9265613667744317,
  "wilcoxon_p_23_one_sided_R2_lt_R3": 0.07343863322556828,
  "bootstrap_ci_diff_R2_R3": [
    -0.5355672806501388,
    0.0037247639207632862
  ],
  "decision": "C",
  "runtime_seconds": 215.651850938797,
  "p": 50,
  "function_class": "kernel",
  "n_jobs": 4
}